Booking_ID,no_of_adults,no_of_children,no_of_weekend_nights,no_of_week_nights,type_of_meal_plan,required_car_parking_space,room_type_reserved,lead_time,arrival_year,arrival_month,arrival_date,market_segment_type,repeated_guest,no_of_previous_cancellations,no_of_previous_bookings_not_canceled,avg_price_per_room,no_of_special_requests,booking_status
INN09499,1,0,0,4,Meal Plan 1,0,Room_Type 1,14,2018,5,18,Offline,0,0,0,72,1,Not_Canceled
INN09500,1,0,1,0,Meal Plan 1,0,Room_Type 1,0,2017,11,9,Online,0,0,0,91,1,Not_Canceled
INN09501,2,0,0,4,Meal Plan 1,0,Room_Type 4,92,2018,5,24,Offline,0,0,0,106.08,0,Not_Canceled
INN09502,1,0,0,1,Meal Plan 1,0,Room_Type 1,238,2018,10,13,Offline,0,0,0,80,0,Not_Canceled
INN09503,2,0,1,2,Meal Plan 1,0,Room_Type 1,19,2018,10,3,Online,0,0,0,149,0,Canceled
INN09504,1,0,0,2,Meal Plan 1,0,Room_Type 1,164,2017,10,2,Offline,0,0,0,100,0,Not_Canceled
INN09505,2,0,2,3,Meal Plan 1,0,Room_Type 1,71,2018,3,13,Online,0,0,0,73.95,0,Canceled
INN09506,2,0,0,2,Meal Plan 1,1,Room_Type 1,65,2018,9,6,Online,0,0,0,107.1,1,Not_Canceled
INN09507,2,0,1,3,Not Selected,0,Room_Type 1,76,2017,10,22,Online,0,0,0,58.76,1,Not_Canceled
INN09508,2,0,5,12,Meal Plan 1,0,Room_Type 1,81,2017,8,3,Online,0,0,0,76.5,1,Canceled
INN09509,2,0,2,3,Not Selected,1,Room_Type 1,3,2018,11,12,Online,0,0,0,99.1,1,Not_Canceled
INN09510,2,1,0,2,Meal Plan 1,0,Room_Type 1,7,2018,12,30,Online,0,0,0,158,0,Not_Canceled
INN09511,1,0,1,3,Meal Plan 1,0,Room_Type 4,7,2018,10,27,Aviation,0,0,0,110,0,Not_Canceled
INN09512,3,0,1,0,Meal Plan 1,0,Room_Type 4,7,2018,5,30,Online,0,0,0,141.95,1,Not_Canceled
INN09513,2,0,0,1,Not Selected,0,Room_Type 1,0,2018,7,29,Online,0,0,0,89,0,Not_Canceled
INN09514,2,0,0,1,Not Selected,0,Room_Type 1,1,2018,12,20,Online,0,0,0,79.5,3,Not_Canceled
INN09515,2,0,2,3,Meal Plan 1,0,Room_Type 1,35,2018,3,12,Offline,0,0,0,63,0,Not_Canceled
INN09516,2,0,0,2,Meal Plan 1,0,Room_Type 1,113,2018,6,17,Online,0,0,0,126.9,0,Canceled
INN09517,2,0,2,2,Meal Plan 1,0,Room_Type 1,12,2017,12,19,Offline,0,0,0,58,0,Not_Canceled
INN09518,2,0,0,1,Meal Plan 1,0,Room_Type 4,3,2018,9,22,Online,0,0,0,194,1,Not_Canceled
INN09519,2,0,0,2,Meal Plan 1,0,Room_Type 1,80,2018,4,8,Online,0,0,0,96.3,1,Not_Canceled
INN09520,2,0,2,1,Meal Plan 1,0,Room_Type 1,12,2018,1,2,Offline,0,0,0,82,0,Not_Canceled
INN09521,1,0,0,1,Meal Plan 1,0,Room_Type 1,1,2017,10,27,Online,0,0,0,120,0,Not_Canceled
INN09522,1,0,0,3,Meal Plan 1,0,Room_Type 1,0,2018,2,23,Corporate,0,0,0,66,0,Not_Canceled
INN09523,3,0,0,3,Meal Plan 1,0,Room_Type 4,38,2018,5,10,Online,0,0,0,159.3,0,Canceled
INN09524,2,0,2,3,Meal Plan 1,0,Room_Type 1,66,2017,9,20,Online,0,0,0,89.25,1,Not_Canceled
INN09525,2,0,2,4,Meal Plan 1,0,Room_Type 4,10,2017,9,5,Online,0,0,0,110.08,1,Not_Canceled
INN09526,2,0,0,2,Meal Plan 1,0,Room_Type 1,245,2018,6,17,Offline,0,0,0,75,0,Canceled
INN09527,2,0,0,1,Meal Plan 2,0,Room_Type 1,100,2017,10,16,Offline,0,0,0,108,0,Canceled
INN09528,2,0,1,2,Meal Plan 1,0,Room_Type 1,135,2017,9,14,Offline,0,0,0,90,0,Not_Canceled
INN09529,2,0,2,2,Meal Plan 1,0,Room_Type 1,10,2018,2,13,Offline,0,0,0,85,0,Not_Canceled
INN09530,3,0,2,0,Meal Plan 1,0,Room_Type 4,27,2018,4,24,Online,0,0,0,153,2,Not_Canceled
INN09531,2,0,1,3,Meal Plan 1,0,Room_Type 1,64,2018,4,4,Online,0,0,0,99.45,1,Not_Canceled
INN09532,2,0,0,2,Meal Plan 1,0,Room_Type 1,50,2018,11,9,Online,0,0,0,145.69,0,Canceled
INN09533,2,0,0,1,Meal Plan 1,0,Room_Type 1,2,2017,9,10,Complementary,0,0,0,0,1,Not_Canceled
INN09534,2,0,1,4,Meal Plan 1,0,Room_Type 1,206,2018,7,25,Online,0,0,0,90.95,0,Canceled
INN09535,2,0,0,1,Not Selected,0,Room_Type 1,1,2018,9,16,Online,0,0,0,159,0,Not_Canceled
INN09536,2,0,0,2,Meal Plan 1,0,Room_Type 1,301,2018,11,18,Offline,0,0,0,52,0,Canceled
INN09537,2,0,2,3,Not Selected,0,Room_Type 1,13,2018,8,21,Online,0,0,0,82.4,0,Not_Canceled
INN09538,2,0,0,1,Meal Plan 1,0,Room_Type 1,50,2018,5,21,Online,0,0,0,126.9,0,Canceled
INN09539,1,0,2,2,Meal Plan 1,0,Room_Type 7,6,2018,9,25,Online,0,0,0,211.41,1,Not_Canceled
INN09540,2,0,0,4,Meal Plan 1,0,Room_Type 1,29,2017,10,13,Online,0,0,0,96.3,1,Not_Canceled
INN09541,2,0,0,2,Meal Plan 2,0,Room_Type 1,102,2017,10,16,Offline,0,0,0,109,0,Not_Canceled
INN09542,2,0,2,1,Meal Plan 2,0,Room_Type 1,124,2017,8,8,Offline,0,0,0,94.5,0,Canceled
INN09543,2,0,0,1,Meal Plan 1,0,Room_Type 1,5,2018,6,14,Corporate,0,0,0,100,0,Not_Canceled
INN09544,2,0,0,4,Not Selected,0,Room_Type 1,346,2018,12,28,Online,0,0,0,72.25,0,Canceled
INN09545,2,0,0,2,Meal Plan 2,1,Room_Type 1,155,2018,6,14,Offline,0,0,0,119.24,0,Canceled
INN09546,2,2,1,3,Meal Plan 1,0,Room_Type 6,47,2018,8,22,Online,0,0,0,207.9,1,Canceled
INN09547,3,0,0,1,Meal Plan 1,0,Room_Type 4,111,2018,7,2,Online,0,0,0,146.7,0,Not_Canceled
INN09548,2,0,0,2,Meal Plan 1,0,Room_Type 1,317,2018,9,15,Offline,0,0,0,120,0,Canceled
INN09549,2,0,0,4,Meal Plan 1,0,Room_Type 1,12,2018,5,11,Offline,0,0,0,104,0,Not_Canceled
INN09550,2,0,1,2,Meal Plan 1,0,Room_Type 1,135,2017,9,14,Offline,0,0,0,90,0,Not_Canceled
INN09551,2,0,0,1,Meal Plan 1,0,Room_Type 1,105,2018,4,6,Offline,0,0,0,75,0,Canceled
INN09552,2,0,0,2,Meal Plan 1,0,Room_Type 4,15,2018,9,15,Online,0,0,0,141.68,1,Canceled
INN09553,1,0,0,2,Meal Plan 1,1,Room_Type 1,0,2017,10,27,Corporate,1,0,1,65,0,Not_Canceled
INN09554,2,0,2,3,Meal Plan 1,0,Room_Type 1,33,2018,9,8,Online,0,0,0,135.9,0,Canceled
INN09555,2,0,0,1,Meal Plan 1,0,Room_Type 1,3,2018,6,17,Online,0,0,0,141,2,Not_Canceled
INN09556,2,0,0,1,Meal Plan 1,0,Room_Type 1,105,2018,4,6,Offline,0,0,0,75,0,Canceled
INN09557,1,0,2,1,Meal Plan 1,0,Room_Type 1,116,2018,2,28,Offline,0,0,0,61,0,Canceled
INN09558,2,0,1,2,Meal Plan 1,0,Room_Type 1,128,2018,6,6,Online,0,0,0,126.9,1,Not_Canceled
INN09559,3,0,1,0,Meal Plan 1,0,Room_Type 1,36,2018,4,3,Online,0,0,0,150.3,0,Not_Canceled
INN09560,2,0,2,2,Meal Plan 2,0,Room_Type 1,160,2018,10,29,Online,0,0,0,125.1,2,Canceled
INN09561,2,0,0,1,Not Selected,0,Room_Type 1,60,2018,6,1,Online,0,0,0,116.1,0,Canceled
INN09562,2,0,2,2,Meal Plan 1,0,Room_Type 1,81,2017,10,25,Online,0,0,0,89.25,1,Canceled
INN09563,2,0,1,2,Meal Plan 1,0,Room_Type 1,66,2017,10,9,Offline,0,0,0,75,0,Canceled
INN09564,2,0,1,2,Meal Plan 2,0,Room_Type 1,161,2018,3,25,Offline,0,0,0,130,0,Canceled
INN09565,2,0,2,2,Meal Plan 1,0,Room_Type 4,33,2018,3,4,Online,0,0,0,97.4,1,Not_Canceled
INN09566,2,0,1,4,Meal Plan 1,1,Room_Type 4,17,2018,6,1,Online,0,0,0,144.84,1,Not_Canceled
INN09567,2,0,2,2,Meal Plan 1,0,Room_Type 1,165,2018,7,8,Online,0,0,0,99.45,1,Not_Canceled
INN09568,2,0,2,0,Meal Plan 1,0,Room_Type 4,135,2018,7,17,Online,0,0,0,127.8,2,Not_Canceled
INN09569,2,0,0,1,Meal Plan 1,0,Room_Type 1,62,2017,9,23,Offline,0,0,0,71.4,0,Not_Canceled
INN09570,2,0,0,3,Meal Plan 1,0,Room_Type 1,50,2018,1,14,Offline,0,0,0,52,1,Not_Canceled
INN09571,2,0,0,2,Meal Plan 2,0,Room_Type 1,239,2018,6,15,Offline,0,0,0,112.2,0,Canceled
INN09572,2,0,1,3,Not Selected,0,Room_Type 1,217,2018,9,29,Online,0,0,0,101.15,0,Canceled
INN09573,2,0,1,1,Not Selected,0,Room_Type 1,2,2018,1,4,Online,0,0,0,75,1,Not_Canceled
INN09574,2,0,1,2,Not Selected,0,Room_Type 1,53,2018,7,18,Online,0,0,0,72.76,2,Not_Canceled
INN09575,2,1,0,1,Meal Plan 1,0,Room_Type 1,125,2018,7,29,Online,0,0,0,130.5,1,Not_Canceled
INN09576,2,0,2,1,Not Selected,0,Room_Type 1,99,2018,7,9,Online,0,0,0,109.5,1,Not_Canceled
INN09577,2,0,0,2,Meal Plan 1,0,Room_Type 1,32,2018,9,9,Online,0,0,0,135.9,1,Not_Canceled
INN09578,1,0,0,2,Meal Plan 1,0,Room_Type 1,0,2018,2,26,Online,0,0,0,85,0,Canceled
INN09579,1,0,1,2,Meal Plan 1,0,Room_Type 1,111,2018,10,10,Offline,0,0,0,120,0,Not_Canceled
INN09580,2,0,1,3,Not Selected,0,Room_Type 1,100,2018,9,5,Online,0,0,0,91.51,1,Canceled
INN09581,2,0,0,2,Meal Plan 2,0,Room_Type 1,292,2018,7,21,Offline,0,0,0,115,0,Canceled
INN09582,2,0,2,3,Meal Plan 1,0,Room_Type 1,132,2017,10,25,Online,0,0,0,89.25,1,Not_Canceled
INN09583,1,0,0,1,Meal Plan 1,0,Room_Type 1,3,2018,4,7,Online,0,0,0,76,0,Not_Canceled
INN09584,2,0,0,1,Meal Plan 1,0,Room_Type 1,2,2018,3,9,Corporate,0,0,0,40,1,Not_Canceled
INN09585,2,0,0,2,Not Selected,0,Room_Type 1,4,2018,3,22,Online,0,0,0,89,1,Not_Canceled
INN09586,2,0,1,2,Meal Plan 1,0,Room_Type 1,193,2018,6,20,Offline,0,0,0,120,0,Canceled
INN09587,1,0,0,1,Meal Plan 1,0,Room_Type 1,14,2018,8,31,Online,0,0,0,124,1,Not_Canceled
INN09588,2,0,1,5,Meal Plan 1,0,Room_Type 1,28,2018,11,28,Online,0,0,0,88.4,2,Not_Canceled
INN09589,1,0,2,3,Meal Plan 1,0,Room_Type 1,115,2018,2,27,Offline,0,0,0,76,0,Not_Canceled
INN09590,1,0,0,2,Meal Plan 1,0,Room_Type 1,188,2018,6,15,Offline,0,0,0,130,0,Canceled
INN09591,1,0,1,2,Not Selected,0,Room_Type 1,6,2017,10,19,Online,0,0,0,87.78,1,Not_Canceled
INN09592,1,0,0,1,Not Selected,0,Room_Type 1,36,2018,12,22,Online,0,0,0,77.99,1,Not_Canceled
INN09593,2,0,1,3,Meal Plan 1,0,Room_Type 4,17,2018,12,29,Online,0,0,0,125.8,1,Not_Canceled
INN09594,2,0,1,0,Not Selected,0,Room_Type 1,0,2018,8,8,Online,0,0,0,93.81,0,Not_Canceled
INN09595,2,0,1,3,Not Selected,0,Room_Type 1,20,2018,8,29,Online,0,0,0,112.25,1,Not_Canceled
INN09596,3,0,0,2,Meal Plan 1,0,Room_Type 4,105,2018,9,16,Online,0,0,0,168.3,2,Not_Canceled
INN09597,2,0,2,0,Not Selected,0,Room_Type 1,174,2018,7,31,Online,0,0,0,94.5,0,Canceled
INN09598,2,0,0,2,Meal Plan 1,1,Room_Type 1,254,2017,10,13,Online,0,0,0,98.25,1,Canceled
INN09599,2,0,1,2,Meal Plan 1,0,Room_Type 1,280,2018,9,19,Offline,0,0,0,110,0,Canceled
INN09600,2,0,0,1,Meal Plan 1,0,Room_Type 1,54,2018,11,12,Offline,0,0,0,72,0,Not_Canceled
INN09601,2,1,2,4,Meal Plan 1,0,Room_Type 1,59,2018,7,24,Online,0,0,0,90.51,1,Not_Canceled
INN09602,3,0,0,1,Meal Plan 1,0,Room_Type 4,27,2018,2,18,Online,0,0,0,127,1,Not_Canceled
INN09603,1,0,1,1,Meal Plan 1,0,Room_Type 4,38,2018,2,22,Online,0,0,0,91.9,1,Not_Canceled
INN09604,1,0,1,1,Meal Plan 1,0,Room_Type 1,3,2018,2,1,Corporate,1,0,9,66,0,Not_Canceled
INN09605,2,0,0,2,Meal Plan 1,0,Room_Type 1,317,2018,9,15,Offline,0,0,0,120,0,Canceled
INN09606,2,0,2,1,Meal Plan 1,0,Room_Type 1,92,2018,6,26,Offline,0,0,0,80.75,1,Not_Canceled
INN09607,2,0,0,3,Meal Plan 1,0,Room_Type 4,11,2018,6,14,Corporate,0,0,0,90,0,Canceled
INN09608,2,0,2,1,Not Selected,0,Room_Type 1,1,2018,4,16,Online,0,0,0,89,2,Not_Canceled
INN09609,1,0,0,1,Meal Plan 1,0,Room_Type 1,9,2018,10,19,Corporate,1,5,48,65,0,Not_Canceled
INN09610,2,0,0,3,Meal Plan 1,0,Room_Type 1,259,2018,5,5,Offline,0,0,0,90,0,Canceled
INN09611,1,0,1,2,Meal Plan 1,0,Room_Type 4,129,2018,5,13,Online,0,0,0,121.5,1,Not_Canceled
INN09612,2,0,1,1,Meal Plan 2,0,Room_Type 1,247,2018,6,6,Offline,0,0,0,115,1,Canceled
INN09613,2,0,0,1,Meal Plan 2,0,Room_Type 1,219,2017,9,4,Offline,0,0,0,108,0,Canceled
INN09614,1,0,0,3,Meal Plan 1,0,Room_Type 2,184,2018,10,4,Online,0,0,0,101.05,0,Canceled
INN09615,1,0,0,2,Meal Plan 1,0,Room_Type 1,32,2017,11,20,Offline,0,0,0,73,0,Not_Canceled
INN09616,2,0,1,3,Meal Plan 1,0,Room_Type 1,69,2018,9,5,Online,0,0,0,135.9,1,Not_Canceled
INN09617,2,0,1,4,Meal Plan 1,0,Room_Type 1,77,2018,4,13,Online,0,0,0,75.16,1,Not_Canceled
INN09618,2,0,1,0,Meal Plan 1,0,Room_Type 1,286,2018,10,16,Offline,0,0,0,90,0,Canceled
INN09619,2,0,0,3,Meal Plan 1,0,Room_Type 1,8,2017,9,3,Online,0,0,0,117.67,2,Not_Canceled
INN09620,2,0,1,1,Meal Plan 1,0,Room_Type 1,128,2018,11,19,Online,0,0,0,90,0,Canceled
INN09621,2,0,0,2,Meal Plan 1,0,Room_Type 1,64,2018,5,17,Corporate,0,0,0,140,0,Canceled
INN09622,2,2,2,2,Meal Plan 1,0,Room_Type 6,21,2018,11,19,Online,0,0,0,147.9,2,Not_Canceled
INN09623,2,0,0,4,Meal Plan 1,0,Room_Type 4,238,2018,9,20,Offline,0,0,0,107,1,Canceled
INN09624,1,0,0,2,Not Selected,0,Room_Type 1,0,2018,3,1,Online,0,0,0,89,1,Not_Canceled
INN09625,2,0,0,3,Meal Plan 1,0,Room_Type 1,76,2018,4,27,Online,0,0,0,106.5,1,Canceled
INN09626,2,0,0,2,Not Selected,0,Room_Type 1,85,2018,10,27,Online,0,0,0,80.1,0,Canceled
INN09627,2,0,0,2,Meal Plan 1,0,Room_Type 1,238,2018,9,21,Online,0,0,0,126.9,1,Canceled
INN09628,2,0,2,2,Meal Plan 1,0,Room_Type 1,60,2017,10,25,Online,0,0,0,89.25,2,Not_Canceled
INN09629,2,0,3,8,Meal Plan 1,0,Room_Type 4,28,2017,10,12,Online,0,0,0,107.92,1,Not_Canceled
INN09630,2,0,0,2,Meal Plan 2,0,Room_Type 1,239,2018,6,15,Offline,0,0,0,112.2,0,Canceled
INN09631,1,0,0,3,Meal Plan 1,0,Room_Type 1,46,2018,3,3,Online,0,0,0,73.9,0,Canceled
INN09632,2,0,1,1,Meal Plan 1,0,Room_Type 1,188,2018,8,13,Online,0,0,0,105.3,0,Canceled
INN09633,2,0,2,2,Not Selected,0,Room_Type 1,112,2018,7,17,Online,0,0,0,94.5,1,Not_Canceled
INN09634,2,0,2,2,Meal Plan 1,1,Room_Type 1,193,2018,8,12,Online,0,0,0,108.45,1,Canceled
INN09635,2,0,0,5,Meal Plan 1,0,Room_Type 4,109,2018,8,9,Online,0,0,0,127.8,1,Not_Canceled
INN09636,2,2,0,1,Meal Plan 1,0,Room_Type 2,15,2018,3,8,Online,0,0,0,83.03,0,Canceled
INN09637,2,0,0,3,Meal Plan 1,0,Room_Type 1,160,2017,12,30,Offline,0,0,0,130.67,0,Not_Canceled
INN09638,2,0,0,1,Meal Plan 1,0,Room_Type 1,27,2018,6,9,Offline,0,0,0,120,0,Not_Canceled
INN09639,1,0,0,1,Meal Plan 1,0,Room_Type 1,13,2018,6,23,Online,0,0,0,95,1,Not_Canceled
INN09640,2,0,1,2,Meal Plan 1,0,Room_Type 1,280,2018,9,19,Offline,0,0,0,110,0,Canceled
INN09641,2,0,1,2,Meal Plan 1,0,Room_Type 1,75,2017,11,16,Online,0,0,0,52.85,1,Not_Canceled
INN09642,2,0,1,3,Not Selected,0,Room_Type 1,42,2018,4,28,Online,0,0,0,109.31,1,Not_Canceled
INN09643,2,0,1,2,Meal Plan 1,0,Room_Type 1,101,2018,4,4,Offline,0,0,0,80,0,Canceled
INN09644,2,0,2,2,Meal Plan 1,0,Room_Type 1,9,2018,12,4,Online,0,0,0,88.4,2,Not_Canceled
INN09645,2,0,0,3,Not Selected,0,Room_Type 1,58,2018,12,15,Online,0,0,0,79.2,0,Canceled
INN09646,2,0,0,2,Meal Plan 1,0,Room_Type 1,29,2018,10,5,Online,0,0,0,152,2,Not_Canceled
INN09647,1,0,0,2,Not Selected,0,Room_Type 1,180,2018,10,28,Online,0,0,0,80.1,0,Canceled
INN09648,2,0,2,4,Meal Plan 1,0,Room_Type 1,160,2018,4,27,Offline,0,0,0,90,0,Canceled
INN09649,1,0,0,3,Meal Plan 1,0,Room_Type 4,11,2018,6,14,Corporate,0,0,0,90,0,Not_Canceled
INN09650,1,0,3,5,Meal Plan 1,0,Room_Type 1,2,2017,8,9,Online,0,0,0,80,1,Not_Canceled
INN09651,2,1,0,3,Meal Plan 1,0,Room_Type 1,280,2018,12,6,Online,0,0,0,94.5,2,Canceled
INN09652,2,0,0,3,Meal Plan 1,0,Room_Type 1,12,2017,8,5,Corporate,0,0,0,65,0,Not_Canceled
INN09653,2,0,2,2,Meal Plan 1,0,Room_Type 1,123,2018,11,6,Online,0,0,0,151.43,1,Not_Canceled
INN09654,2,0,2,3,Meal Plan 1,0,Room_Type 4,16,2018,4,8,Online,0,0,0,131.2,0,Canceled
INN09655,2,0,0,1,Meal Plan 1,0,Room_Type 1,10,2017,11,3,Online,0,0,0,82.39,1,Not_Canceled
INN09656,1,0,0,2,Meal Plan 1,0,Room_Type 4,0,2017,8,11,Complementary,0,0,0,0,2,Not_Canceled
INN09657,2,0,2,5,Not Selected,0,Room_Type 1,168,2018,7,2,Online,0,0,0,62.18,1,Not_Canceled
INN09658,2,1,0,2,Meal Plan 1,0,Room_Type 1,156,2018,8,23,Online,0,0,0,121.5,0,Canceled
INN09659,1,0,2,4,Meal Plan 1,0,Room_Type 1,2,2018,11,25,Online,0,0,0,91.38,0,Not_Canceled
INN09660,2,0,2,1,Meal Plan 1,0,Room_Type 1,221,2017,10,17,Offline,0,0,0,65,0,Not_Canceled
INN09661,1,0,0,2,Meal Plan 1,0,Room_Type 1,12,2018,12,8,Corporate,1,0,7,67,1,Not_Canceled
INN09662,2,0,1,3,Meal Plan 1,0,Room_Type 1,42,2018,4,21,Online,0,0,0,103.84,1,Not_Canceled
INN09663,2,0,0,2,Not Selected,0,Room_Type 1,36,2018,10,20,Online,0,0,0,119.5,2,Not_Canceled
INN09664,2,0,0,2,Meal Plan 1,0,Room_Type 4,11,2017,12,11,Complementary,0,0,0,0,1,Not_Canceled
INN09665,1,0,1,0,Meal Plan 1,0,Room_Type 4,21,2018,2,29,Online,0,0,0,117,0,Not_Canceled
INN09666,1,0,2,0,Meal Plan 1,0,Room_Type 1,4,2017,9,20,Offline,0,0,0,111.2,0,Not_Canceled
INN09667,1,0,2,1,Meal Plan 1,0,Room_Type 1,26,2018,10,2,Online,0,0,0,147,0,Canceled
INN09668,2,0,2,5,Meal Plan 2,0,Room_Type 4,51,2018,7,21,Offline,0,0,0,87.3,0,Not_Canceled
INN09669,2,0,2,3,Meal Plan 1,0,Room_Type 1,1,2017,9,11,Online,0,0,0,148.8,1,Not_Canceled
INN09670,1,0,0,3,Meal Plan 1,0,Room_Type 1,159,2018,5,26,Online,0,0,0,119.85,1,Canceled
INN09671,1,0,1,0,Meal Plan 1,1,Room_Type 1,5,2018,11,7,Corporate,1,0,4,67,1,Not_Canceled
INN09672,1,0,0,2,Meal Plan 1,0,Room_Type 1,103,2018,4,19,Offline,0,0,0,115,0,Canceled
INN09673,2,0,1,1,Not Selected,0,Room_Type 1,3,2018,1,9,Online,0,0,0,67.5,0,Not_Canceled
INN09674,2,0,2,1,Meal Plan 1,0,Room_Type 4,3,2017,10,18,Online,0,0,0,136,0,Not_Canceled
INN09675,2,0,2,3,Meal Plan 1,0,Room_Type 1,40,2018,3,5,Online,0,0,0,83.9,1,Not_Canceled
INN09676,1,0,0,5,Meal Plan 1,0,Room_Type 1,74,2018,3,29,Online,0,0,0,72.25,0,Canceled
INN09677,2,0,2,6,Meal Plan 1,0,Room_Type 1,47,2018,12,2,Online,0,0,0,88.4,1,Not_Canceled
INN09678,2,0,2,5,Meal Plan 1,0,Room_Type 1,192,2018,8,18,Online,0,0,0,99.45,1,Canceled
INN09679,2,0,2,3,Meal Plan 1,0,Room_Type 1,171,2018,8,11,Offline,0,0,0,72.25,2,Not_Canceled
INN09680,2,0,2,2,Meal Plan 1,0,Room_Type 2,190,2018,5,6,Online,0,0,0,100.3,0,Canceled
INN09681,1,0,0,3,Meal Plan 1,0,Room_Type 1,6,2018,5,31,Online,0,0,0,125,0,Canceled
INN09682,3,0,0,3,Meal Plan 1,0,Room_Type 4,114,2018,7,7,Online,0,0,0,146.7,1,Not_Canceled
INN09683,2,0,0,1,Meal Plan 1,1,Room_Type 6,36,2018,4,8,Online,0,0,0,103.95,0,Not_Canceled
INN09684,2,0,1,2,Meal Plan 1,0,Room_Type 1,189,2018,10,28,Online,0,0,0,96.3,4,Not_Canceled
INN09685,1,0,2,3,Meal Plan 1,0,Room_Type 1,0,2017,9,20,Complementary,0,0,0,0,1,Not_Canceled
INN09686,2,0,0,2,Meal Plan 1,0,Room_Type 1,27,2018,7,8,Online,0,0,0,151,1,Not_Canceled
INN09687,2,0,2,2,Meal Plan 1,0,Room_Type 1,60,2018,7,9,Online,0,0,0,112.95,1,Not_Canceled
INN09688,2,0,0,2,Meal Plan 2,0,Room_Type 1,74,2017,9,18,Offline,0,0,0,109,0,Not_Canceled
INN09689,2,1,0,1,Meal Plan 1,0,Room_Type 1,84,2017,7,25,Online,0,0,0,94,2,Not_Canceled
INN09690,3,0,1,1,Meal Plan 1,0,Room_Type 4,28,2018,10,8,Online,0,0,0,121.47,0,Not_Canceled
INN09691,2,0,1,5,Meal Plan 2,0,Room_Type 1,94,2018,3,28,Offline,0,0,0,110.75,1,Not_Canceled
INN09692,2,0,0,2,Meal Plan 1,0,Room_Type 1,0,2017,9,8,Offline,0,0,0,110.4,0,Not_Canceled
INN09693,2,0,0,2,Meal Plan 2,0,Room_Type 1,292,2018,7,21,Offline,0,0,0,109,0,Canceled
INN09694,3,0,1,3,Meal Plan 1,0,Room_Type 4,133,2018,10,31,Online,0,0,0,122.63,0,Canceled
INN09695,2,0,0,2,Meal Plan 2,0,Room_Type 1,39,2017,8,14,Offline,0,0,0,101.5,0,Not_Canceled
INN09696,1,0,0,2,Meal Plan 1,0,Room_Type 1,14,2017,10,15,Offline,0,0,0,100,0,Not_Canceled
INN09697,2,0,2,2,Meal Plan 1,1,Room_Type 1,90,2018,4,9,Online,0,0,0,95.7,1,Not_Canceled
INN09698,2,0,1,3,Meal Plan 1,0,Room_Type 1,322,2018,5,19,Offline,0,0,0,80,0,Canceled
INN09699,2,0,0,2,Meal Plan 2,0,Room_Type 1,265,2018,6,24,Offline,0,0,0,115,1,Canceled
INN09700,2,0,2,4,Meal Plan 1,0,Room_Type 1,166,2018,11,12,Online,0,0,0,87.5,3,Not_Canceled
INN09701,2,0,1,3,Not Selected,0,Room_Type 1,0,2017,8,6,Online,0,0,0,81,0,Not_Canceled
INN09702,2,0,3,7,Meal Plan 1,0,Room_Type 1,87,2017,7,10,Online,0,0,0,58.9,1,Canceled
INN09703,3,0,1,1,Meal Plan 1,0,Room_Type 4,53,2018,7,9,Online,0,0,0,148.5,0,Canceled
INN09704,1,0,0,1,Meal Plan 1,0,Room_Type 1,4,2018,12,16,Offline,0,0,0,70,0,Not_Canceled
INN09705,1,0,0,1,Meal Plan 1,0,Room_Type 5,0,2017,8,26,Online,0,0,0,0,1,Not_Canceled
INN09706,2,2,0,1,Meal Plan 1,0,Room_Type 6,219,2018,8,18,Online,0,0,0,168.3,2,Canceled
INN09707,2,0,1,1,Meal Plan 1,0,Room_Type 5,28,2018,10,8,Online,0,0,0,171.87,0,Not_Canceled
INN09708,2,0,2,2,Meal Plan 1,0,Room_Type 1,145,2017,8,15,Online,0,0,0,76.5,1,Not_Canceled
INN09709,2,0,2,2,Meal Plan 1,0,Room_Type 1,226,2018,10,29,Offline,0,0,0,70,1,Not_Canceled
INN09710,2,0,1,0,Meal Plan 1,0,Room_Type 1,6,2018,6,5,Online,0,0,0,121,1,Not_Canceled
INN09711,2,0,2,3,Meal Plan 1,0,Room_Type 1,48,2018,12,4,Online,0,0,0,88.4,1,Not_Canceled
INN09712,1,0,0,3,Meal Plan 1,0,Room_Type 1,4,2017,10,6,Corporate,0,0,0,65,0,Not_Canceled
INN09713,2,0,1,1,Not Selected,0,Room_Type 1,184,2018,8,13,Online,0,0,0,94.5,0,Canceled
INN09714,2,0,2,5,Meal Plan 1,0,Room_Type 1,8,2018,11,4,Online,0,0,0,113.6,1,Not_Canceled
INN09715,1,0,0,2,Meal Plan 2,0,Room_Type 1,273,2017,7,17,Offline,0,0,0,87,0,Not_Canceled
INN09716,1,0,2,1,Meal Plan 1,1,Room_Type 1,3,2018,3,13,Corporate,0,0,0,69,0,Not_Canceled
INN09717,2,0,1,2,Meal Plan 1,0,Room_Type 1,57,2018,6,10,Offline,0,0,0,90.67,1,Not_Canceled
INN09718,1,0,0,1,Meal Plan 1,0,Room_Type 1,8,2018,12,14,Corporate,0,0,0,79,0,Not_Canceled
INN09719,2,0,0,3,Not Selected,0,Room_Type 1,16,2018,3,3,Online,0,0,0,84.33,0,Canceled
INN09720,2,0,0,1,Meal Plan 1,0,Room_Type 1,14,2018,5,27,Offline,0,0,0,73,0,Not_Canceled
INN09721,2,0,1,0,Meal Plan 1,0,Room_Type 1,286,2018,10,16,Offline,0,0,0,90,0,Canceled
INN09722,2,0,0,1,Meal Plan 1,0,Room_Type 1,92,2018,11,11,Offline,0,0,0,90,0,Not_Canceled
INN09723,1,0,0,2,Not Selected,0,Room_Type 1,21,2018,9,15,Online,0,0,0,139,2,Not_Canceled
INN09724,3,0,1,1,Meal Plan 1,0,Room_Type 4,35,2018,4,18,Online,0,0,0,137.7,2,Not_Canceled
INN09725,2,0,2,5,Meal Plan 1,0,Room_Type 1,245,2018,9,22,Online,0,0,0,107.59,0,Canceled
INN09726,2,0,0,3,Meal Plan 1,0,Room_Type 4,261,2018,10,13,Offline,0,0,0,90.95,2,Not_Canceled
INN09727,2,0,0,0,Meal Plan 1,0,Room_Type 4,3,2018,6,24,Online,0,0,0,0,0,Not_Canceled
INN09728,2,2,2,1,Meal Plan 1,1,Room_Type 6,153,2018,8,20,Online,0,0,0,186.3,2,Canceled
INN09729,2,0,0,2,Not Selected,0,Room_Type 1,77,2018,3,25,Offline,0,0,0,53.38,1,Not_Canceled
INN09730,2,0,1,2,Meal Plan 1,0,Room_Type 1,273,2018,5,13,Offline,0,0,0,95,0,Canceled
INN09731,2,0,0,3,Meal Plan 1,0,Room_Type 1,213,2018,6,7,Offline,0,0,0,130,0,Canceled
INN09732,2,2,1,3,Meal Plan 1,0,Room_Type 6,117,2018,8,11,Online,0,0,0,186.3,0,Canceled
INN09733,2,0,0,2,Meal Plan 2,0,Room_Type 1,104,2017,10,6,Offline,0,0,0,114,1,Canceled
INN09734,2,0,0,1,Meal Plan 1,0,Room_Type 1,12,2018,1,12,Online,0,0,0,69.6,0,Not_Canceled
INN09735,2,0,1,0,Meal Plan 1,0,Room_Type 1,27,2018,1,10,Online,0,0,0,89,1,Not_Canceled
INN09736,2,1,1,1,Meal Plan 1,0,Room_Type 1,31,2018,6,20,Offline,0,0,0,118.5,0,Not_Canceled
INN09737,2,0,0,1,Meal Plan 1,1,Room_Type 4,4,2018,11,19,Complementary,0,0,0,0,1,Not_Canceled
INN09738,1,0,0,1,Meal Plan 1,0,Room_Type 1,1,2018,1,5,Corporate,1,0,4,76,0,Not_Canceled
INN09739,3,0,1,5,Meal Plan 1,0,Room_Type 4,123,2018,9,20,Online,0,0,0,162,0,Canceled
INN09740,2,0,0,3,Meal Plan 1,0,Room_Type 1,271,2018,9,21,Offline,0,0,0,101.33,1,Canceled
INN09741,2,0,2,3,Meal Plan 1,0,Room_Type 1,108,2018,5,7,Online,0,0,0,74.54,0,Not_Canceled
INN09742,2,0,1,3,Meal Plan 1,0,Room_Type 1,2,2018,7,7,Online,0,0,0,160,1,Not_Canceled
INN09743,2,0,0,3,Not Selected,0,Room_Type 1,41,2018,3,15,Online,0,0,0,71.1,1,Not_Canceled
INN09744,1,0,0,1,Not Selected,0,Room_Type 1,196,2018,10,1,Online,0,0,0,93.6,1,Canceled
INN09745,2,0,1,0,Not Selected,0,Room_Type 1,14,2018,6,26,Online,0,0,0,89,0,Canceled
INN09746,2,0,0,3,Meal Plan 2,0,Room_Type 1,85,2017,9,30,Offline,0,0,0,125,0,Not_Canceled
INN09747,2,0,0,2,Not Selected,0,Room_Type 1,160,2018,8,4,Online,0,0,0,94.5,0,Canceled
INN09748,2,0,1,1,Meal Plan 1,0,Room_Type 1,7,2018,4,23,Online,0,0,0,131,2,Not_Canceled
INN09749,2,0,1,2,Meal Plan 1,0,Room_Type 6,91,2018,5,13,Online,0,0,0,198.9,0,Canceled
INN09750,2,0,1,1,Meal Plan 2,0,Room_Type 1,7,2017,10,5,Offline,0,0,0,112.2,0,Not_Canceled
INN09751,2,2,1,1,Meal Plan 1,0,Room_Type 6,44,2018,2,8,Online,0,0,0,173,0,Not_Canceled
INN09752,1,0,0,3,Meal Plan 1,0,Room_Type 1,15,2018,10,4,Offline,0,0,0,129,1,Not_Canceled
INN09753,2,0,1,3,Meal Plan 1,0,Room_Type 1,113,2018,4,25,Online,0,0,0,100.75,1,Not_Canceled
INN09754,2,2,1,1,Meal Plan 1,1,Room_Type 6,3,2017,8,10,Online,0,0,0,162,0,Not_Canceled
INN09755,2,0,2,2,Meal Plan 2,0,Room_Type 4,143,2018,7,16,Online,0,0,0,115.6,0,Not_Canceled
INN09756,2,0,1,0,Not Selected,0,Room_Type 1,38,2018,8,21,Online,0,0,0,125.1,0,Canceled
INN09757,2,0,0,2,Meal Plan 1,0,Room_Type 1,79,2017,11,13,Offline,0,0,0,75,0,Not_Canceled
INN09758,2,0,2,4,Meal Plan 1,0,Room_Type 4,88,2018,9,4,Online,0,0,0,149.4,0,Canceled
INN09759,2,0,0,2,Meal Plan 1,0,Room_Type 1,245,2018,6,17,Offline,0,0,0,75,0,Canceled
INN09760,1,0,0,2,Meal Plan 1,0,Room_Type 1,99,2018,2,19,Corporate,0,0,0,81,0,Not_Canceled
INN09761,2,0,1,1,Meal Plan 2,0,Room_Type 1,301,2018,7,30,Offline,0,0,0,115,1,Canceled
INN09762,2,0,0,2,Meal Plan 1,0,Room_Type 1,181,2018,8,30,Online,0,0,0,96.3,2,Canceled
INN09763,2,0,1,2,Not Selected,0,Room_Type 1,36,2018,10,28,Online,0,0,0,109,1,Not_Canceled
INN09764,2,0,1,1,Meal Plan 1,0,Room_Type 1,275,2018,6,4,Offline,0,0,0,62.8,0,Canceled
INN09765,2,0,2,0,Meal Plan 1,1,Room_Type 1,223,2017,10,4,Online,0,0,0,89.25,2,Not_Canceled
INN09766,2,0,1,2,Not Selected,0,Room_Type 1,115,2018,5,9,Online,0,0,0,94.5,0,Canceled
INN09767,2,0,1,2,Meal Plan 1,0,Room_Type 1,132,2018,10,7,Offline,0,0,0,89.76,0,Not_Canceled
INN09768,2,0,1,2,Meal Plan 1,0,Room_Type 1,39,2017,11,27,Online,0,0,0,96.3,2,Not_Canceled
INN09769,1,0,0,1,Meal Plan 1,0,Room_Type 1,2,2018,1,27,Complementary,1,0,1,0,0,Not_Canceled
INN09770,3,0,1,3,Meal Plan 1,0,Room_Type 1,35,2018,9,5,Online,0,0,0,110.16,0,Not_Canceled
INN09771,2,0,1,5,Meal Plan 1,0,Room_Type 1,349,2018,10,4,Offline,0,0,0,123.33,0,Canceled
INN09772,2,0,0,3,Meal Plan 1,0,Room_Type 1,37,2018,10,13,Offline,0,0,0,105,0,Not_Canceled
INN09773,2,0,0,4,Meal Plan 1,0,Room_Type 1,176,2018,7,12,Online,0,0,0,90.95,0,Canceled
INN09774,2,0,0,4,Not Selected,0,Room_Type 1,113,2018,3,29,Online,0,0,0,55.63,0,Not_Canceled
INN09775,2,0,2,5,Meal Plan 1,0,Room_Type 1,224,2018,8,23,Online,0,0,0,90.95,1,Not_Canceled
INN09776,1,0,1,1,Meal Plan 1,0,Room_Type 1,5,2018,9,19,Corporate,1,0,2,65,1,Not_Canceled
INN09777,2,0,0,2,Meal Plan 2,0,Room_Type 1,257,2017,7,1,Offline,0,0,0,101.5,0,Canceled
INN09778,2,0,0,3,Meal Plan 2,0,Room_Type 1,150,2018,6,16,Offline,0,0,0,90,1,Not_Canceled
INN09779,2,0,0,1,Meal Plan 1,0,Room_Type 1,43,2018,9,9,Online,0,0,0,135.9,2,Not_Canceled
INN09780,1,0,0,3,Not Selected,0,Room_Type 1,63,2018,2,16,Online,0,0,0,48.51,1,Not_Canceled
INN09781,1,0,2,2,Meal Plan 1,0,Room_Type 1,115,2018,2,27,Offline,0,0,0,76,0,Not_Canceled
INN09782,2,0,2,3,Not Selected,0,Room_Type 1,70,2018,12,22,Online,0,0,0,74.8,3,Not_Canceled
INN09783,2,1,0,1,Meal Plan 1,0,Room_Type 1,7,2018,10,27,Online,0,0,0,160,2,Not_Canceled
INN09784,2,0,0,2,Meal Plan 1,0,Room_Type 1,45,2018,12,2,Online,0,0,0,93.6,1,Not_Canceled
INN09785,2,0,1,1,Meal Plan 2,0,Room_Type 1,88,2017,10,5,Offline,0,0,0,112.2,0,Not_Canceled
INN09786,1,0,0,1,Meal Plan 1,0,Room_Type 1,14,2017,10,15,Offline,0,0,0,100,0,Not_Canceled
INN09787,2,0,0,1,Meal Plan 1,0,Room_Type 1,105,2018,4,6,Offline,0,0,0,75,0,Canceled
INN09788,3,0,1,0,Meal Plan 1,1,Room_Type 4,54,2018,7,3,Online,0,0,0,159.3,2,Not_Canceled
INN09789,2,1,0,3,Meal Plan 1,0,Room_Type 1,100,2018,7,12,Online,0,0,0,106.03,1,Not_Canceled
INN09790,2,0,1,3,Meal Plan 1,1,Room_Type 1,96,2018,10,24,Online,0,0,0,100.13,3,Not_Canceled
INN09791,2,2,2,0,Meal Plan 1,0,Room_Type 6,14,2018,5,15,Online,0,0,0,211,2,Not_Canceled
INN09792,1,0,0,3,Meal Plan 1,0,Room_Type 1,143,2018,8,25,Offline,0,0,0,90,0,Not_Canceled
INN09793,2,0,0,2,Meal Plan 1,0,Room_Type 1,24,2018,1,6,Online,0,0,0,89,0,Not_Canceled
INN09794,2,0,1,2,Meal Plan 1,0,Room_Type 1,338,2018,10,7,Offline,0,0,0,80,0,Canceled
INN09795,3,0,1,2,Meal Plan 1,0,Room_Type 4,22,2018,7,8,Online,0,0,0,187,2,Not_Canceled
INN09796,2,0,0,2,Meal Plan 1,0,Room_Type 1,22,2018,2,2,Complementary,0,0,0,0,0,Not_Canceled
INN09797,2,0,1,0,Not Selected,0,Room_Type 1,49,2018,7,11,Online,0,0,0,93.15,0,Canceled
INN09798,3,0,0,4,Meal Plan 1,0,Room_Type 4,199,2018,12,28,Online,0,0,0,120.7,1,Canceled
INN09799,2,0,2,4,Meal Plan 1,0,Room_Type 1,132,2018,7,22,Online,0,0,0,100.87,1,Not_Canceled
INN09800,2,0,2,0,Meal Plan 1,0,Room_Type 4,16,2018,2,28,Online,0,0,0,106,0,Canceled
INN09801,2,0,0,2,Not Selected,0,Room_Type 1,14,2018,2,12,Online,0,0,0,79,0,Not_Canceled
INN09802,1,0,1,2,Meal Plan 1,0,Room_Type 1,118,2018,6,6,Offline,0,0,0,110,0,Not_Canceled
INN09803,2,0,0,3,Meal Plan 1,0,Room_Type 4,35,2018,6,9,Online,0,0,0,136.2,2,Not_Canceled
INN09804,2,0,0,3,Not Selected,0,Room_Type 1,22,2018,3,3,Online,0,0,0,84.33,0,Not_Canceled
INN09805,2,0,0,3,Meal Plan 1,1,Room_Type 1,65,2018,6,21,Online,0,0,0,99.9,0,Not_Canceled
INN09806,1,0,0,2,Meal Plan 1,0,Room_Type 1,64,2018,5,17,Corporate,0,0,0,130,0,Not_Canceled
INN09807,2,0,0,1,Meal Plan 1,0,Room_Type 1,43,2017,10,13,Offline,0,0,0,85,0,Not_Canceled
INN09808,2,0,2,1,Meal Plan 2,0,Room_Type 1,103,2017,7,18,Offline,0,0,0,94.5,0,Canceled
INN09809,1,0,0,3,Not Selected,0,Room_Type 1,41,2018,12,21,Online,0,0,0,79.2,1,Not_Canceled
INN09810,2,0,0,3,Not Selected,0,Room_Type 1,115,2017,7,30,Online,0,0,0,55.08,0,Canceled
INN09811,2,0,0,3,Meal Plan 1,0,Room_Type 1,271,2018,9,21,Offline,0,0,0,101.33,1,Canceled
INN09812,2,1,0,2,Meal Plan 1,0,Room_Type 4,74,2018,12,29,Online,0,0,0,117.73,1,Not_Canceled
INN09813,2,0,1,2,Meal Plan 1,0,Room_Type 1,302,2018,9,16,Offline,0,0,0,100,0,Canceled
INN09814,1,0,2,1,Meal Plan 1,0,Room_Type 1,93,2018,10,15,Offline,0,0,0,115,0,Canceled
INN09815,2,2,0,2,Meal Plan 1,0,Room_Type 6,0,2018,7,20,Online,0,0,0,206,0,Canceled
INN09816,2,0,2,2,Meal Plan 1,0,Room_Type 1,74,2018,4,1,Online,0,0,0,59.37,0,Not_Canceled
INN09817,2,0,0,3,Not Selected,0,Room_Type 1,20,2018,9,22,Online,0,0,0,134.1,1,Not_Canceled
INN09818,2,0,2,1,Meal Plan 1,0,Room_Type 1,166,2018,8,27,Online,0,0,0,96.3,0,Canceled
INN09819,2,0,1,1,Meal Plan 1,0,Room_Type 1,80,2018,12,5,Offline,0,0,0,75,1,Not_Canceled
INN09820,2,0,1,1,Not Selected,0,Room_Type 1,32,2018,2,6,Online,0,0,0,67.5,1,Canceled
INN09821,2,0,1,0,Meal Plan 1,0,Room_Type 1,19,2018,9,19,Offline,0,0,0,118.15,0,Canceled
INN09822,2,0,2,2,Meal Plan 1,0,Room_Type 1,179,2018,9,30,Online,0,0,0,113.4,0,Canceled
INN09823,2,0,0,2,Not Selected,0,Room_Type 1,6,2018,2,5,Online,0,0,0,81,0,Not_Canceled
INN09824,3,0,1,1,Meal Plan 1,0,Room_Type 4,35,2018,4,18,Online,0,0,0,128.7,2,Not_Canceled
INN09825,2,0,2,1,Meal Plan 1,0,Room_Type 1,99,2018,10,16,Online,0,0,0,118.8,1,Canceled
INN09826,2,0,0,3,Meal Plan 1,0,Room_Type 1,73,2017,11,24,Offline,0,0,0,85.67,0,Not_Canceled
INN09827,2,0,1,2,Meal Plan 2,0,Room_Type 1,161,2018,3,25,Offline,0,0,0,130,0,Canceled
INN09828,2,0,0,3,Meal Plan 1,0,Room_Type 1,42,2018,11,23,Online,0,0,0,78.3,2,Not_Canceled
INN09829,1,0,1,0,Meal Plan 1,0,Room_Type 1,4,2017,10,12,Corporate,1,0,1,65,1,Not_Canceled
INN09830,1,0,0,1,Not Selected,0,Room_Type 1,2,2018,4,16,Online,0,0,0,89,1,Not_Canceled
INN09831,1,0,0,1,Meal Plan 1,0,Room_Type 1,15,2018,2,19,Corporate,0,0,0,81,0,Not_Canceled
INN09832,2,0,2,8,Meal Plan 1,0,Room_Type 1,61,2017,7,8,Online,0,0,0,68.85,0,Canceled
INN09833,1,0,0,2,Meal Plan 1,0,Room_Type 1,188,2018,6,15,Offline,0,0,0,130,0,Canceled
INN09834,2,0,1,2,Meal Plan 1,0,Room_Type 1,91,2018,9,19,Offline,0,0,0,80.75,0,Not_Canceled
INN09835,2,0,2,1,Not Selected,0,Room_Type 1,4,2017,8,8,Online,0,0,0,80,1,Not_Canceled
INN09836,1,0,0,3,Meal Plan 2,0,Room_Type 1,1,2018,9,29,Corporate,0,0,0,118,0,Not_Canceled
INN09837,2,0,2,2,Not Selected,0,Room_Type 1,102,2018,10,30,Online,0,0,0,79.65,0,Canceled
INN09838,2,0,0,2,Meal Plan 1,0,Room_Type 1,110,2018,4,20,Online,0,0,0,72.8,0,Not_Canceled
INN09839,2,0,0,3,Meal Plan 1,0,Room_Type 1,44,2018,2,17,Offline,0,0,0,75,0,Not_Canceled
INN09840,2,2,1,1,Meal Plan 1,0,Room_Type 7,50,2018,7,4,Online,0,0,0,260.9,0,Canceled
INN09841,2,0,2,5,Meal Plan 1,0,Room_Type 1,83,2018,3,18,Online,0,0,0,76.38,0,Canceled
INN09842,1,0,0,2,Meal Plan 1,0,Room_Type 1,188,2018,6,15,Offline,0,0,0,130,0,Canceled
INN09843,2,0,2,1,Meal Plan 1,0,Room_Type 1,12,2017,8,29,Online,0,0,0,105,1,Not_Canceled
INN09844,2,0,1,4,Meal Plan 1,0,Room_Type 1,181,2018,8,3,Online,0,0,0,108.45,1,Canceled
INN09845,2,0,2,1,Meal Plan 1,0,Room_Type 1,282,2018,11,12,Offline,0,0,0,77,0,Not_Canceled
INN09846,1,0,0,2,Meal Plan 1,0,Room_Type 1,181,2018,10,11,Offline,0,0,0,120,0,Canceled
INN09847,1,0,0,2,Meal Plan 1,0,Room_Type 1,188,2018,6,15,Offline,0,0,0,130,0,Canceled
INN09848,1,0,0,1,Meal Plan 1,0,Room_Type 1,1,2017,10,13,Complementary,0,0,0,0,1,Not_Canceled
INN09849,3,0,0,3,Meal Plan 1,0,Room_Type 4,142,2018,8,11,Online,0,0,0,146.7,0,Canceled
INN09850,2,0,1,1,Meal Plan 1,0,Room_Type 7,3,2017,10,12,Complementary,1,0,3,0,0,Not_Canceled
INN09851,1,0,0,3,Meal Plan 1,0,Room_Type 1,151,2018,1,19,Offline,0,0,0,71,0,Not_Canceled
INN09852,2,0,2,1,Meal Plan 2,0,Room_Type 1,110,2017,7,25,Offline,0,0,0,94.5,0,Canceled
INN09853,2,0,1,0,Meal Plan 1,0,Room_Type 1,258,2018,10,16,Offline,0,0,0,110,0,Canceled
INN09854,2,0,0,1,Not Selected,0,Room_Type 1,95,2018,4,14,Online,0,0,0,65.83,1,Not_Canceled
INN09855,2,0,0,1,Meal Plan 1,0,Room_Type 1,51,2018,10,6,Online,0,0,0,95.04,0,Canceled
INN09856,2,0,1,0,Meal Plan 1,0,Room_Type 1,286,2018,10,16,Offline,0,0,0,90,0,Canceled
INN09857,2,0,1,1,Meal Plan 1,0,Room_Type 1,12,2017,12,5,Offline,0,0,0,55,1,Not_Canceled
INN09858,2,0,2,3,Meal Plan 1,0,Room_Type 1,55,2018,11,24,Online,0,0,0,68.07,1,Not_Canceled
INN09859,2,0,0,1,Not Selected,0,Room_Type 1,1,2018,2,9,Online,0,0,0,81,1,Canceled
INN09860,2,0,0,3,Meal Plan 1,0,Room_Type 1,2,2017,12,9,Offline,0,0,0,58,0,Not_Canceled
INN09861,2,0,0,1,Not Selected,0,Room_Type 1,11,2018,1,28,Online,0,0,0,62.83,1,Not_Canceled
INN09862,2,0,2,2,Meal Plan 1,0,Room_Type 1,30,2018,3,11,Offline,0,0,0,85,1,Not_Canceled
INN09863,2,0,0,3,Meal Plan 1,0,Room_Type 1,213,2018,6,7,Offline,0,0,0,130,0,Canceled
INN09864,2,0,2,1,Meal Plan 1,0,Room_Type 1,5,2018,10,29,Online,0,0,0,146.67,0,Not_Canceled
INN09865,2,2,0,4,Meal Plan 1,0,Room_Type 6,0,2017,9,8,Online,0,0,0,195,1,Not_Canceled
INN09866,2,0,0,0,Meal Plan 2,0,Room_Type 4,0,2017,10,15,Online,0,0,0,0,0,Not_Canceled
INN09867,2,0,1,0,Meal Plan 1,0,Room_Type 5,151,2018,6,27,Offline,0,0,0,200,0,Canceled
INN09868,2,0,2,6,Meal Plan 1,0,Room_Type 1,99,2018,4,27,Offline,0,0,0,80.75,1,Not_Canceled
INN09869,2,0,2,2,Meal Plan 1,0,Room_Type 4,172,2018,10,28,Online,0,0,0,104.4,0,Canceled
INN09870,2,0,0,1,Meal Plan 2,0,Room_Type 1,219,2017,9,4,Offline,0,0,0,108,0,Canceled
INN09871,3,0,0,3,Meal Plan 1,0,Room_Type 4,49,2018,11,16,Online,0,0,0,126,2,Not_Canceled
INN09872,2,0,1,2,Meal Plan 1,0,Room_Type 2,11,2017,12,25,Online,0,0,0,80.41,0,Not_Canceled
INN09873,2,0,0,5,Meal Plan 1,0,Room_Type 1,5,2018,3,22,Online,0,0,0,129,0,Canceled
INN09874,2,0,1,1,Not Selected,0,Room_Type 1,134,2018,5,30,Online,0,0,0,94.5,0,Not_Canceled
INN09875,2,0,0,2,Meal Plan 1,0,Room_Type 2,23,2017,12,16,Online,0,0,0,81.75,1,Not_Canceled
INN09876,1,0,0,2,Meal Plan 1,0,Room_Type 1,188,2018,6,15,Offline,0,0,0,130,0,Canceled
INN09877,1,0,0,1,Meal Plan 1,0,Room_Type 1,6,2018,7,5,Offline,0,0,0,114.4,0,Not_Canceled
INN09878,1,0,0,3,Meal Plan 1,0,Room_Type 1,166,2018,11,1,Offline,0,0,0,110,0,Canceled
INN09879,3,0,0,1,Meal Plan 1,0,Room_Type 4,50,2018,8,20,Online,0,0,0,177.3,2,Not_Canceled
INN09880,2,1,1,3,Meal Plan 1,0,Room_Type 1,57,2018,8,15,Online,0,0,0,152.1,0,Not_Canceled
INN09881,2,0,2,1,Not Selected,0,Room_Type 1,55,2018,5,21,Online,0,0,0,116.1,0,Canceled
INN09882,2,0,0,2,Meal Plan 1,0,Room_Type 1,6,2017,10,6,Online,0,0,0,145,2,Not_Canceled
INN09883,2,1,2,1,Meal Plan 1,0,Room_Type 1,6,2018,12,18,Online,0,0,0,116,2,Not_Canceled
INN09884,2,0,1,2,Meal Plan 1,0,Room_Type 1,80,2018,3,7,Online,0,0,0,78.3,1,Canceled
INN09885,2,0,0,4,Not Selected,0,Room_Type 1,33,2018,3,2,Online,0,0,0,73.1,0,Canceled
INN09886,2,0,2,3,Meal Plan 1,0,Room_Type 1,48,2018,11,6,Offline,0,0,0,75,0,Not_Canceled
INN09887,1,0,0,2,Meal Plan 1,0,Room_Type 1,192,2018,6,24,Offline,0,0,0,95,0,Not_Canceled
INN09888,1,0,0,1,Meal Plan 1,0,Room_Type 1,1,2018,1,23,Online,0,0,0,85,0,Not_Canceled
INN09889,2,0,2,3,Meal Plan 1,0,Room_Type 1,212,2018,5,20,Offline,0,0,0,78,0,Not_Canceled
INN09890,2,0,0,2,Meal Plan 1,0,Room_Type 4,79,2018,5,13,Online,0,0,0,159.3,1,Canceled
INN09891,2,0,1,5,Meal Plan 1,0,Room_Type 1,20,2018,1,4,Offline,0,0,0,48.33,0,Not_Canceled
INN09892,2,0,0,1,Meal Plan 2,0,Room_Type 1,83,2017,9,30,Offline,0,0,0,112.2,0,Not_Canceled
INN09893,1,0,2,1,Meal Plan 1,0,Room_Type 1,116,2018,2,28,Offline,0,0,0,61,0,Canceled
INN09894,2,0,2,2,Not Selected,0,Room_Type 1,128,2018,6,26,Online,0,0,0,80.75,1,Not_Canceled
INN09895,2,0,0,3,Meal Plan 2,0,Room_Type 1,1,2018,9,29,Corporate,0,0,0,146,0,Not_Canceled
INN09896,2,0,0,1,Not Selected,0,Room_Type 1,21,2018,9,7,Online,0,0,0,118,1,Not_Canceled
INN09897,2,0,0,4,Meal Plan 1,0,Room_Type 1,88,2018,4,27,Online,0,0,0,105.4,3,Not_Canceled
INN09898,2,0,1,1,Not Selected,0,Room_Type 1,3,2018,8,1,Online,0,0,0,109,1,Not_Canceled
INN09899,2,0,2,3,Meal Plan 1,0,Room_Type 1,192,2017,9,25,Offline,0,0,0,102,0,Canceled
INN09900,2,1,1,3,Meal Plan 1,0,Room_Type 1,207,2018,8,29,Online,0,0,0,123.25,1,Canceled
INN09901,1,0,1,0,Meal Plan 1,0,Room_Type 1,12,2018,6,20,Corporate,1,0,7,65,1,Not_Canceled
INN09902,2,0,0,3,Meal Plan 1,0,Room_Type 1,45,2017,10,22,Online,0,0,0,94.5,2,Not_Canceled
INN09903,1,0,0,1,Not Selected,0,Room_Type 1,36,2018,10,13,Online,0,0,0,102.6,0,Canceled
INN09904,1,0,0,4,Meal Plan 1,0,Room_Type 1,259,2018,12,7,Online,0,0,0,73.95,1,Not_Canceled
INN09905,3,0,0,1,Meal Plan 1,0,Room_Type 4,102,2018,12,6,Online,0,0,0,126,0,Not_Canceled
INN09906,2,0,1,2,Meal Plan 1,0,Room_Type 2,161,2018,4,22,Offline,0,0,0,80,0,Not_Canceled
INN09907,3,0,0,2,Meal Plan 1,0,Room_Type 4,15,2018,4,29,Online,0,0,0,177,0,Canceled
INN09908,2,0,1,2,Meal Plan 1,0,Room_Type 4,14,2018,6,3,Online,0,0,0,149.33,1,Not_Canceled
INN09909,2,0,1,3,Meal Plan 1,0,Room_Type 1,322,2018,5,19,Offline,0,0,0,80,0,Canceled
INN09910,1,0,0,1,Meal Plan 1,0,Room_Type 1,17,2018,10,6,Online,0,0,0,139,2,Not_Canceled
INN09911,1,0,2,2,Meal Plan 1,0,Room_Type 1,3,2018,9,25,Complementary,0,0,0,0,0,Not_Canceled
INN09912,2,0,0,2,Meal Plan 1,1,Room_Type 1,33,2018,3,24,Online,0,0,0,135.9,0,Not_Canceled
INN09913,2,0,1,2,Meal Plan 2,0,Room_Type 1,418,2018,9,26,Offline,0,0,0,107,0,Canceled
INN09914,2,0,0,2,Meal Plan 1,0,Room_Type 1,16,2018,11,25,Offline,0,0,0,89,0,Not_Canceled
INN09915,1,0,0,2,Meal Plan 1,0,Room_Type 1,12,2017,10,20,Corporate,0,0,0,130,0,Not_Canceled
INN09916,2,0,0,1,Meal Plan 2,0,Room_Type 1,100,2017,10,16,Offline,0,0,0,108,0,Canceled
INN09917,2,0,0,1,Not Selected,0,Room_Type 1,2,2018,9,28,Online,0,0,0,0,1,Not_Canceled
INN09918,1,0,0,1,Meal Plan 1,0,Room_Type 1,2,2018,1,14,Corporate,0,0,0,66,0,Not_Canceled
INN09919,2,0,1,0,Not Selected,0,Room_Type 1,33,2018,5,16,Online,0,0,0,116.1,1,Not_Canceled
INN09920,1,0,2,1,Meal Plan 1,0,Room_Type 1,23,2018,3,12,Online,0,0,0,85.67,1,Canceled
INN09921,2,0,0,1,Meal Plan 1,0,Room_Type 2,19,2017,12,23,Online,0,0,0,77.25,1,Not_Canceled
INN09922,1,0,0,2,Meal Plan 1,0,Room_Type 1,188,2018,6,15,Offline,0,0,0,130,0,Canceled
INN09923,2,1,1,2,Meal Plan 1,1,Room_Type 7,8,2018,12,30,Corporate,1,0,1,220,2,Not_Canceled
INN09924,2,0,0,3,Meal Plan 1,0,Room_Type 1,59,2018,3,2,Online,0,0,0,80.3,2,Not_Canceled
INN09925,2,0,0,3,Not Selected,0,Room_Type 1,35,2018,2,25,Online,0,0,0,70.03,1,Not_Canceled
INN09926,2,0,1,0,Meal Plan 1,0,Room_Type 1,4,2018,1,25,Corporate,0,0,0,64,0,Not_Canceled
INN09927,1,0,0,2,Meal Plan 1,0,Room_Type 4,1,2018,10,11,Aviation,1,0,1,110,0,Not_Canceled
INN09928,2,0,0,1,Meal Plan 1,0,Room_Type 4,5,2018,6,11,Online,0,0,0,136,1,Not_Canceled
INN09929,2,0,1,3,Not Selected,0,Room_Type 1,7,2018,2,8,Online,0,0,0,81,1,Not_Canceled
INN09930,2,0,2,2,Not Selected,0,Room_Type 1,18,2018,1,16,Online,0,0,0,65,0,Not_Canceled
INN09931,2,0,2,2,Meal Plan 1,0,Room_Type 1,99,2017,10,30,Offline,0,0,0,65,0,Canceled
INN09932,2,0,0,3,Meal Plan 1,0,Room_Type 1,104,2017,12,3,Offline,0,0,0,75,0,Not_Canceled
INN09933,2,0,1,2,Meal Plan 1,0,Room_Type 1,233,2018,10,14,Offline,0,0,0,90,0,Canceled
INN09934,2,0,1,3,Not Selected,0,Room_Type 1,16,2018,12,29,Online,0,0,0,91.8,0,Not_Canceled
INN09935,1,0,1,2,Meal Plan 1,0,Room_Type 1,45,2018,2,29,Online,0,0,0,76.3,0,Not_Canceled
INN09936,2,0,0,3,Meal Plan 1,0,Room_Type 4,67,2018,9,7,Online,0,0,0,114.34,1,Not_Canceled
INN09937,1,0,0,2,Meal Plan 1,0,Room_Type 1,6,2017,12,17,Corporate,1,0,4,65,0,Not_Canceled
INN09938,1,0,1,2,Meal Plan 1,0,Room_Type 4,60,2018,5,27,Online,0,0,0,140.4,0,Canceled
INN09939,2,0,1,2,Meal Plan 1,0,Room_Type 1,121,2018,6,24,Offline,0,0,0,90,0,Canceled
INN09940,2,0,0,2,Meal Plan 1,0,Room_Type 4,4,2018,6,10,Online,0,0,0,108.8,0,Canceled
INN09941,3,0,0,1,Meal Plan 1,0,Room_Type 4,95,2018,5,21,Online,0,0,0,159.3,0,Canceled
INN09942,2,0,0,2,Meal Plan 2,0,Room_Type 1,102,2017,10,16,Offline,0,0,0,109,0,Not_Canceled
INN09943,2,0,2,2,Meal Plan 1,0,Room_Type 1,39,2018,9,18,Offline,0,0,0,80.75,0,Not_Canceled
INN09944,1,0,2,2,Meal Plan 1,0,Room_Type 6,31,2018,9,18,Online,0,0,0,156.42,1,Canceled
INN09945,1,0,1,0,Meal Plan 1,0,Room_Type 1,24,2017,11,1,Corporate,0,0,0,65,0,Not_Canceled
INN09946,2,0,1,1,Meal Plan 1,0,Room_Type 1,3,2017,10,19,Corporate,0,0,0,142,0,Not_Canceled
INN09947,2,0,1,2,Meal Plan 1,0,Room_Type 1,60,2018,12,16,Online,0,0,0,93.6,2,Not_Canceled
INN09948,2,0,1,2,Meal Plan 1,0,Room_Type 1,305,2018,11,4,Offline,0,0,0,89,0,Canceled
INN09949,2,0,1,2,Meal Plan 1,0,Room_Type 4,18,2018,7,8,Online,0,0,0,166,0,Canceled
INN09950,2,0,1,1,Meal Plan 1,1,Room_Type 1,21,2017,12,28,Online,0,0,0,125,2,Not_Canceled
INN09951,1,0,0,3,Meal Plan 1,0,Room_Type 1,71,2018,6,14,Offline,0,0,0,120,0,Not_Canceled
INN09952,3,0,0,4,Meal Plan 1,0,Room_Type 4,64,2018,7,12,Online,0,0,0,139.5,0,Canceled
INN09953,2,0,1,2,Meal Plan 1,0,Room_Type 4,25,2017,10,19,Offline,0,0,0,75,0,Not_Canceled
INN09954,2,0,2,2,Meal Plan 1,0,Room_Type 1,23,2018,4,2,Offline,0,0,0,95,2,Not_Canceled
INN09955,3,0,2,2,Meal Plan 1,1,Room_Type 4,173,2018,7,23,Online,0,0,0,130.55,2,Canceled
INN09956,2,0,0,2,Meal Plan 1,0,Room_Type 1,185,2018,5,6,Online,0,0,0,81.77,2,Canceled
INN09957,1,0,0,3,Meal Plan 1,0,Room_Type 1,37,2018,10,13,Offline,0,0,0,95,0,Not_Canceled
INN09958,2,0,1,2,Meal Plan 1,0,Room_Type 1,21,2018,8,15,Online,0,0,0,151,0,Canceled
INN09959,2,0,0,4,Meal Plan 1,1,Room_Type 4,12,2017,11,3,Online,0,0,0,91.45,0,Not_Canceled
INN09960,2,0,0,1,Not Selected,0,Room_Type 1,14,2018,7,8,Online,0,0,0,139,1,Not_Canceled
INN09961,1,0,2,4,Meal Plan 1,0,Room_Type 1,69,2018,6,12,Offline,0,0,0,120,0,Canceled
INN09962,2,0,2,3,Meal Plan 1,0,Room_Type 1,88,2018,4,16,Online,0,0,0,90.95,1,Not_Canceled
INN09963,1,0,0,1,Meal Plan 1,0,Room_Type 1,47,2018,4,12,Online,0,0,0,99.9,0,Canceled
INN09964,2,0,1,3,Meal Plan 2,0,Room_Type 1,157,2018,9,5,Online,0,0,0,161.1,2,Canceled
INN09965,2,0,1,2,Meal Plan 1,0,Room_Type 1,114,2018,6,3,Offline,0,0,0,75,0,Canceled
INN09966,1,0,2,2,Meal Plan 1,0,Room_Type 1,2,2018,5,15,Offline,0,0,0,66.88,0,Not_Canceled
INN09967,3,0,2,0,Meal Plan 1,0,Room_Type 4,65,2018,4,24,Online,0,0,0,137.7,2,Not_Canceled
INN09968,1,0,0,2,Meal Plan 1,0,Room_Type 1,88,2018,10,7,Corporate,0,0,0,71,1,Not_Canceled
INN09969,2,0,0,2,Meal Plan 1,0,Room_Type 1,225,2018,8,12,Online,0,0,0,96.3,0,Canceled
INN09970,2,0,1,1,Meal Plan 2,0,Room_Type 1,301,2018,7,30,Offline,0,0,0,115,1,Canceled
INN09971,2,0,1,2,Not Selected,0,Room_Type 1,155,2018,8,26,Online,0,0,0,85.5,2,Not_Canceled
INN09972,3,0,0,3,Meal Plan 1,0,Room_Type 4,80,2018,8,3,Online,0,0,0,135.27,1,Not_Canceled
INN09973,2,0,0,3,Meal Plan 1,0,Room_Type 1,192,2018,8,25,Offline,0,0,0,100,0,Not_Canceled
INN09974,2,0,2,4,Meal Plan 1,0,Room_Type 4,24,2017,10,4,Online,0,0,0,81.7,1,Not_Canceled
INN09975,2,0,0,3,Meal Plan 1,0,Room_Type 1,71,2017,9,22,Offline,0,0,0,95,0,Not_Canceled
INN09976,2,0,2,3,Meal Plan 1,0,Room_Type 1,303,2018,8,19,Offline,0,0,0,78,0,Canceled
INN09977,1,0,4,9,Meal Plan 1,0,Room_Type 1,32,2018,11,27,Online,0,0,0,74.8,1,Canceled
INN09978,2,0,2,1,Meal Plan 1,0,Room_Type 1,32,2018,5,8,Online,0,0,0,126.9,0,Canceled
INN09979,2,0,1,0,Meal Plan 1,0,Room_Type 4,40,2018,4,18,Online,0,0,0,109.8,0,Not_Canceled
INN09980,2,0,2,2,Meal Plan 1,0,Room_Type 1,57,2018,12,2,Online,0,0,0,88.4,1,Not_Canceled
INN09981,2,0,1,2,Meal Plan 1,0,Room_Type 1,46,2018,3,21,Offline,0,0,0,85,0,Canceled
INN09982,2,0,2,2,Meal Plan 1,0,Room_Type 4,110,2018,7,22,Online,0,0,0,121.05,0,Not_Canceled
INN09983,3,0,1,1,Meal Plan 1,0,Room_Type 1,33,2018,1,25,Corporate,0,0,0,95,0,Not_Canceled
INN09984,2,0,2,2,Not Selected,0,Room_Type 1,196,2018,7,31,Online,0,0,0,80.75,1,Not_Canceled
INN09985,2,2,1,3,Meal Plan 1,0,Room_Type 6,8,2018,2,22,Online,0,0,0,171,0,Canceled
INN09986,2,0,1,0,Meal Plan 1,0,Room_Type 4,30,2018,9,11,Online,0,0,0,149.4,1,Not_Canceled
INN09987,2,0,2,4,Meal Plan 1,0,Room_Type 1,28,2018,4,29,Online,0,0,0,131.6,0,Canceled
INN09988,2,0,1,0,Not Selected,0,Room_Type 1,49,2018,7,11,Online,0,0,0,93.15,0,Canceled
INN09989,2,0,2,1,Meal Plan 1,0,Room_Type 1,229,2018,10,16,Online,0,0,0,96.3,0,Canceled
INN09990,2,0,2,2,Meal Plan 1,0,Room_Type 1,6,2018,3,26,Online,0,0,0,133.5,1,Not_Canceled
INN09991,2,0,1,2,Meal Plan 1,0,Room_Type 1,280,2018,9,19,Offline,0,0,0,110,0,Canceled
INN09992,2,0,2,3,Meal Plan 1,0,Room_Type 1,192,2017,9,25,Offline,0,0,0,102,0,Canceled
INN09993,2,0,2,5,Not Selected,0,Room_Type 1,164,2018,7,29,Online,0,0,0,89.25,1,Canceled
INN09994,2,0,0,2,Meal Plan 2,0,Room_Type 1,320,2018,8,18,Offline,0,0,0,115,1,Canceled
INN09995,3,0,0,4,Meal Plan 1,0,Room_Type 4,109,2018,8,24,Online,0,0,0,152.1,0,Canceled
INN09996,2,0,2,1,Meal Plan 1,0,Room_Type 1,55,2018,4,3,Offline,0,0,0,75,1,Not_Canceled
INN09997,2,0,2,1,Meal Plan 1,0,Room_Type 1,2,2017,9,12,Online,0,0,0,138.67,1,Not_Canceled
INN09998,2,0,0,3,Meal Plan 1,0,Room_Type 1,105,2018,10,12,Offline,0,0,0,75,0,Not_Canceled
INN09999,2,0,4,6,Meal Plan 1,0,Room_Type 1,207,2018,8,20,Offline,0,0,0,72.25,0,Not_Canceled
